{"cameraMode":{"drawMode":0,"name":"Shaded","section":"Shading Mode"},"sceneLighting":true,"audioPlay":false,"sceneViewState":{"m_AlwaysRefresh":false,"showFog":true,"showSkybox":true,"showFlares":true,"showImageEffects":true,"showParticleSystems":true,"showVisualEffectGraphs":true,"m_FxEnabled":true},"in2DMode":false,"pivot":{"x":581.6187744140625,"y":117.80136108398438,"z":596.7711181640625},"rotation":{"x":0.014963530004024506,"y":0.9715770483016968,"z":-0.06301913410425186,"w":0.22815145552158357},"size":14.348350524902344,"orthographic":false}