{"cameraMode":{"drawMode":0,"name":"Shaded","section":"Shading Mode"},"sceneLighting":true,"audioPlay":false,"sceneViewState":{"m_AlwaysRefresh":false,"showFog":true,"showSkybox":true,"showFlares":true,"showImageEffects":true,"showParticleSystems":true,"showVisualEffectGraphs":true,"m_FxEnabled":true},"in2DMode":false,"pivot":{"x":541.734130859375,"y":164.64981079101563,"z":678.8108520507813},"rotation":{"x":0.016218911856412889,"y":0.9750266075134277,"z":-0.07500959932804108,"w":0.20897895097732545},"size":25.44243812561035,"orthographic":false}